[{"cc":"AF","country":"Afghanistan"},{"cc":"AX","country":"\u00c5land Islands"},{"cc":"AL","country":"Albania"},{"cc":"DZ","country":"Algeria"},{"cc":"AS","country":"American Samoa"},{"cc":"AD","country":"Andorra"},{"cc":"AO","country":"Angola"},{"cc":"AI","country":"Anguilla"},{"cc":"AQ","country":"Antarctica"},{"cc":"AG","country":"Antigua and Barbuda"},{"cc":"AR","country":"Argentina"},{"cc":"AM","country":"Armenia"},{"cc":"AW","country":"Aruba"},{"cc":"AU","country":"Australia"},{"cc":"AT","country":"Austria"},{"cc":"AZ","country":"Azerbaijan"},{"cc":"BS","country":"Bahamas"},{"cc":"BH","country":"Bahrain"},{"cc":"BD","country":"Bangladesh"},{"cc":"BB","country":"Barbados"},{"cc":"BY","country":"Belarus"},{"cc":"BE","country":"Belgium"},{"cc":"BZ","country":"Belize"},{"cc":"BJ","country":"Benin"},{"cc":"BM","country":"Bermuda"},{"cc":"BT","country":"Bhutan"},{"cc":"BO","country":"Bolivia"},{"cc":"BQ","country":"Bonaire, Sint Eustatius and Saba"},{"cc":"BA","country":"Bosnia and Herzegovina"},{"cc":"BW","country":"Botswana"},{"cc":"BV","country":"Bouvet Island"},{"cc":"BR","country":"Brazil"},{"cc":"IO","country":"British Indian Ocean Territory"},{"cc":"BN","country":"Brunei Darussalam"},{"cc":"BG","country":"Bulgaria"},{"cc":"BF","country":"Burkina Faso"},{"cc":"BI","country":"Burundi"},{"cc":"KH","country":"Cambodia"},{"cc":"CM","country":"Cameroon"},{"cc":"CA","country":"Canada"},{"cc":"CV","country":"Cape Verde"},{"cc":"KY","country":"Cayman Islands"},{"cc":"CF","country":"Central African Republic"},{"cc":"TD","country":"Chad"},{"cc":"CL","country":"Chile"},{"cc":"CN","country":"China"},{"cc":"CX","country":"Christmas Island"},{"cc":"CC","country":"Cocos (Keeling) Islands"},{"cc":"CO","country":"Colombia"},{"cc":"KM","country":"Comoros"},{"cc":"CG","country":"Congo"},{"cc":"CD","country":"Congo, the Democratic Republic of the"},{"cc":"CK","country":"Cook Islands"},{"cc":"CR","country":"Costa Rica"},{"cc":"HR","country":"Croatia"},{"cc":"CU","country":"Cuba"},{"cc":"CW","country":"Cura\u00e7ao"},{"cc":"CY","country":"Cyprus"},{"cc":"CZ","country":"Czech Republic"},{"cc":"DK","country":"Denmark"},{"cc":"DJ","country":"Djibouti"},{"cc":"DM","country":"Dominica"},{"cc":"DO","country":"Dominican Republic"},{"cc":"EC","country":"Ecuador"},{"cc":"EG","country":"Egypt"},{"cc":"SV","country":"El Salvador"},{"cc":"GQ","country":"Equatorial Guinea"},{"cc":"ER","country":"Eritrea"},{"cc":"EE","country":"Estonia"},{"cc":"ET","country":"Ethiopia"},{"cc":"FK","country":"Falkland Islands (Malvinas)"},{"cc":"FO","country":"Faroe Islands"},{"cc":"FJ","country":"Fiji"},{"cc":"FI","country":"Finland"},{"cc":"FR","country":"France"},{"cc":"GF","country":"French Guiana"},{"cc":"PF","country":"French Polynesia"},{"cc":"TF","country":"French Southern Territories"},{"cc":"GA","country":"Gabon"},{"cc":"GM","country":"Gambia"},{"cc":"GE","country":"Georgia"},{"cc":"DE","country":"Germany"},{"cc":"GH","country":"Ghana"},{"cc":"GI","country":"Gibraltar"},{"cc":"GR","country":"Greece"},{"cc":"GL","country":"Greenland"},{"cc":"GD","country":"Grenada"},{"cc":"GP","country":"Guadeloupe"},{"cc":"GU","country":"Guam"},{"cc":"GT","country":"Guatemala"},{"cc":"GG","country":"Guernsey"},{"cc":"GN","country":"Guinea"},{"cc":"GW","country":"Guinea-Bissau"},{"cc":"GY","country":"Guyana"},{"cc":"HT","country":"Haiti"},{"cc":"HM","country":"Heard Island and McDonald Islands"},{"cc":"HN","country":"Honduras"},{"cc":"HK","country":"Hong Kong"},{"cc":"HU","country":"Hungary"},{"cc":"IS","country":"Iceland"},{"cc":"IN","country":"India"},{"cc":"ID","country":"Indonesia"},{"cc":"IR","country":"Iran"},{"cc":"IQ","country":"Iraq"},{"cc":"IE","country":"Ireland"},{"cc":"IM","country":"Isle of Man"},{"cc":"IL","country":"Israel"},{"cc":"IT","country":"Italy"},{"cc":"JM","country":"Jamaica"},{"cc":"JP","country":"Japan"},{"cc":"JE","country":"Jersey"},{"cc":"JO","country":"Jordan"},{"cc":"KZ","country":"Kazakhstan"},{"cc":"KE","country":"Kenya"},{"cc":"KI","country":"Kiribati"},{"cc":"KW","country":"Kuwait"},{"cc":"KG","country":"Kyrgyzstan"},{"cc":"LA","country":"Laos"},{"cc":"LV","country":"Latvia"},{"cc":"LB","country":"Lebanon"},{"cc":"LS","country":"Lesotho"},{"cc":"LR","country":"Liberia"},{"cc":"LY","country":"Libya"},{"cc":"LI","country":"Liechtenstein"},{"cc":"LT","country":"Lithuania"},{"cc":"LU","country":"Luxembourg"},{"cc":"MO","country":"Macao"},{"cc":"MK","country":"Macedonia"},{"cc":"MG","country":"Madagascar"},{"cc":"MW","country":"Malawi"},{"cc":"MY","country":"Malaysia"},{"cc":"MV","country":"Maldives"},{"cc":"ML","country":"Mali"},{"cc":"MT","country":"Malta"},{"cc":"MH","country":"Marshall Islands"},{"cc":"MQ","country":"Martinique"},{"cc":"MR","country":"Mauritania"},{"cc":"MU","country":"Mauritius"},{"cc":"YT","country":"Mayotte"},{"cc":"MX","country":"Mexico"},{"cc":"FM","country":"Micronesia"},{"cc":"MD","country":"Moldova"},{"cc":"MC","country":"Monaco"},{"cc":"MN","country":"Mongolia"},{"cc":"ME","country":"Montenegro"},{"cc":"MS","country":"Montserrat"},{"cc":"MA","country":"Morocco"},{"cc":"MZ","country":"Mozambique"},{"cc":"MM","country":"Myanmar"},{"cc":"NA","country":"Namibia"},{"cc":"NR","country":"Nauru"},{"cc":"NP","country":"Nepal"},{"cc":"NL","country":"Netherlands"},{"cc":"NC","country":"New Caledonia"},{"cc":"NZ","country":"New Zealand"},{"cc":"NI","country":"Nicaragua"},{"cc":"NE","country":"Niger"},{"cc":"NG","country":"Nigeria"},{"cc":"NU","country":"Niue"},{"cc":"NF","country":"Norfolk Island"},{"cc":"KP","country":"North Korea"},{"cc":"MP","country":"Northern Mariana Islands"},{"cc":"NO","country":"Norway"},{"cc":"OM","country":"Oman"},{"cc":"PK","country":"Pakistan"},{"cc":"PW","country":"Palau"},{"cc":"PS","country":"Palestinian Territories"},{"cc":"PA","country":"Panama"},{"cc":"PG","country":"Papua New Guinea"},{"cc":"PY","country":"Paraguay"},{"cc":"PE","country":"Peru"},{"cc":"PH","country":"Philippines"},{"cc":"PN","country":"Pitcairn"},{"cc":"PL","country":"Poland"},{"cc":"PT","country":"Portugal"},{"cc":"PR","country":"Puerto Rico"},{"cc":"QA","country":"Qatar"},{"cc":"RE","country":"R\u00e9union"},{"cc":"RO","country":"Romania"},{"cc":"RU","country":"Russian Federation"},{"cc":"RW","country":"Rwanda"},{"cc":"BL","country":"Saint Barth\u00e9lemy"},{"cc":"SH","country":"Saint Helena, Ascension and Tristan da Cunha"},{"cc":"KN","country":"Saint Kitts and Nevis"},{"cc":"LC","country":"Saint Lucia"},{"cc":"MF","country":"Saint Martin (French part)"},{"cc":"PM","country":"Saint Pierre and Miquelon"},{"cc":"VC","country":"Saint Vincent and the Grenadines"},{"cc":"WS","country":"Samoa"},{"cc":"SM","country":"San Marino"},{"cc":"ST","country":"Sao Tome and Principe"},{"cc":"SA","country":"Saudi Arabia"},{"cc":"SN","country":"Senegal"},{"cc":"RS","country":"Serbia"},{"cc":"SC","country":"Seychelles"},{"cc":"SL","country":"Sierra Leone"},{"cc":"SG","country":"Singapore"},{"cc":"SX","country":"Sint Maarten (Dutch part)"},{"cc":"SK","country":"Slovakia"},{"cc":"SI","country":"Slovenia"},{"cc":"SB","country":"Solomon Islands"},{"cc":"SO","country":"Somalia"},{"cc":"ZA","country":"South Africa"},{"cc":"GS","country":"South Georgia"},{"cc":"KR","country":"South Korea"},{"cc":"SS","country":"South Sudan"},{"cc":"ES","country":"Spain"},{"cc":"LK","country":"Sri Lanka"},{"cc":"SD","country":"Sudan"},{"cc":"SR","country":"Suriname"},{"cc":"SJ","country":"Svalbard"},{"cc":"SZ","country":"Swaziland"},{"cc":"SE","country":"Sweden"},{"cc":"CH","country":"Switzerland"},{"cc":"SY","country":"Syria"},{"cc":"TW","country":"Taiwan"},{"cc":"TJ","country":"Tajikistan"},{"cc":"TZ","country":"Tanzania"},{"cc":"TH","country":"Thailand"},{"cc":"TL","country":"Timor-Leste"},{"cc":"TG","country":"Togo"},{"cc":"TK","country":"Tokelau"},{"cc":"TO","country":"Tonga"},{"cc":"TT","country":"Trinidad and Tobago"},{"cc":"TN","country":"Tunisia"},{"cc":"TR","country":"Turkey"},{"cc":"TM","country":"Turkmenistan"},{"cc":"TC","country":"Turks and Caicos Islands"},{"cc":"TV","country":"Tuvalu"},{"cc":"UG","country":"Uganda"},{"cc":"UA","country":"Ukraine"},{"cc":"AE","country":"United Arab Emirates"},{"cc":"GB","country":"United Kingdom"},{"cc":"US","country":"United States"},{"cc":"UM","country":"United States Minor Outlying Islands"},{"cc":"UY","country":"Uruguay"},{"cc":"UZ","country":"Uzbekistan"},{"cc":"VU","country":"Vanuatu"},{"cc":"VA","country":"Vatican"},{"cc":"VE","country":"Venezuela"},{"cc":"VN","country":"Viet Nam"},{"cc":"VG","country":"Virgin Islands, British"},{"cc":"VI","country":"Virgin Islands, U.S."},{"cc":"WF","country":"Wallis and Futuna"},{"cc":"EH","country":"Western Sahara"},{"cc":"YE","country":"Yemen"},{"cc":"ZM","country":"Zambia"},{"cc":"ZW","country":"Zimbabwe"}]